examinee_id,task_id,rater_id
8211,T1,R01
6455,T2,R02
119,T3,R03
7816,T4,R04
6592,T1,R05
6258,T2,R06
231,T3,R07
2634,T4,R08
3728,T1,R09
6417,T2,R10
6179,T3,R11
452,T4,R12
3371,T1,R13
1915,T2,R14
3334,T3,R15
173,T4,R16
4536,T1,R17
2471,T2,R18
4652,T3,R19
1536,T4,R20
6403,T1,R21
2337,T2,R22
1974,T3,R23
6090,T4,R24
7937,T1,R25
605,T2,R26
9448,T3,R27
4280,T4,R28
5588,T1,R29
8263,T2,R30
2240,T3,R31
3140,T4,R32
1377,T1,R33
3298,T2,R34
8434,T3,R35
4087,T4,R36
6543,T1,R37
8479,T2,R38
4566,T3,R39
4012,T4,R40
2915,T1,R41
8101,T2,R42
8919,T3,R43
1876,T4,R44
4968,T1,R45
1596,T2,R46
4076,T3,R47
5444,T4,R48
6444,T1,R49
70,T2,R50
6394,T3,R51
9743,T4,R52
5848,T1,R53
6005,T2,R54
2419,T3,R55
312,T4,R56
9106,T1,R57
5302,T2,R58
2630,T3,R59
8560,T4,R60
2255,T1,R61
1334,T2,
1410,T3,
4872,T4,
1546,T1,
4841,T2,
8637,T3,
5267,T4,
451,T1,
3624,T2,
8663,T3,
244,T4,
3102,T1,
7620,T2,
3720,T3,
892,T4,
1683,T1,
5277,T2,
7501,T3,
1884,T4,
6493,T1,
3907,T2,
8941,T3,
7605,T4,
4998,T1,
8149,T2,
1628,T3,
5365,T4,
6281,T1,
9859,T2,
6419,T3,
5074,T4,
7373,T1,
8328,T2,
6617,T3,
5966,T4,
590,T1,
2442,T2,
2353,T3,
4290,T4,
9854,T1,
9524,T2,
2478,T3,
2905,T4,
279,T1,
1124,T2,
3964,T3,
2971,T4,
6886,T1,
7677,T2,
1682,T3,
7088,T4,
9174,T1,
3284,T2,
5318,T3,
7989,T4,
6462,T1,
2153,T2,
7208,T3,
9582,T4,
1398,T1,
3289,T2,
4812,T3,
7611,T4,
8839,T1,
4250,T2,
9220,T3,
3402,T4,
8266,T1,
9397,T2,
8048,T3,
9663,T4,
3221,T1,
2874,T2,
4445,T3,
5792,T4,
2275,T1,
201,T2,
3253,T3,
1340,T4,
2402,T1,
809,T2,
654,T3,
724,T4,
2472,T1,
6280,T2,
1994,T3,
1442,T4,
1029,T1,
5477,T2,
8082,T3,
4346,T4,
5405,T1,
2058,T2,
1855,T3,
684,T4,
3123,T1,
5563,T2,
932,T3,
907,T4,
6170,T1,
246,T2,
2230,T3,
3774,T4,
3829,T1,
2405,T2,
638,T3,
2553,T4,
9818,T1,
4144,T2,
7118,T3,
1745,T4,
9453,T1,
7046,T2,
6901,T3,
6198,T4,
683,T1,
6292,T2,
9326,T3,
7719,T4,
9855,T1,
1946,T2,
430,T3,
2131,T4,
8139,T1,
1603,T2,
3165,T3,
1822,T4,
236,T1,
8461,T2,
8170,T3,
4193,T4,
8842,T1,
7514,T2,
3295,T3,
6124,T4,
6855,T1,
4309,T2,
3745,T3,
541,T4,
4136,T1,
8499,T2,
1217,T3,
3202,T4,
1788,T1,
5891,T2,
3779,T3,
4112,T4,
4961,T1,
9563,T2,
3905,T3,
9274,T4,
4393,T1,
1361,T2,
1731,T3,
7551,T4,
9282,T1,
1055,T2,
1771,T3,
3318,T4,
5899,T1,
2610,T2,
5866,T3,
3119,T4,
4368,T1,
1681,T2,
6507,T3,
9322,T4,
5497,T1,
8454,T2,
3259,T3,
7788,T4,
1453,T1,
655,T2,
2662,T3,
1700,T4,
7632,T1,
2272,T2,
3207,T3,
1602,T4,
5971,T1,
5008,T2,
7285,T3,
7708,T4,
5335,T1,
9635,T2,
5753,T3,
8907,T4,
9569,T1,
7478,T2,
2969,T3,
1316,T4,
8007,T1,
3256,T2,
8370,T3,
9219,T4,
395,T1,
5882,T2,
502,T3,
7832,T4,
8203,T1,
5322,T2,
9420,T3,
7463,T4,
8143,T1,
5276,T2,
1686,T3,
3824,T4,
7664,T1,
7503,T2,
4034,T3,
3748,T4,
540,T1,
745,T2,
2984,T3,
8377,T4,
6623,T1,
3451,T2,
7400,T3,
1047,T4,
3707,T1,
1699,T2,
1080,T3,
5348,T4,
5424,T1,
9503,T2,
8832,T3,
9978,T4,
5024,T1,
8155,T2,
8728,T3,
9125,T4,
6209,T1,
4029,T2,
2173,T3,
7720,T4,
2103,T1,
28,T2,
3820,T3,
6058,T4,
5303,T1,
4926,T2,
3237,T3,
5338,T4,
406,T1,
8978,T2,
1423,T3,
4567,T4,
9399,T1,
3848,T2,
1907,T3,
4045,T4,
3994,T1,
6369,T2,
7992,T3,
2892,T4,
6598,T1,
8565,T2,
6238,T3,
2544,T4,
3338,T1,
4215,T2,
4963,T3,
2411,T4,
2747,T1,
7721,T2,
3310,T3,
64,T4,
9680,T1,
805,T2,
9882,T3,
1414,T4,
7032,T1,
3083,T2,
3637,T3,
7480,T4,
1392,T1,
2709,T2,
9147,T3,
7824,T4,
1844,T1,
581,T2,
7710,T3,
241,T4,
6196,T1,
1512,T2,
4992,T3,
2904,T4,
8770,T1,
8071,T2,
8477,T3,
6279,T4,
6698,T1,
6515,T2,
9011,T3,
228,T4,
8173,T1,
1841,T2,
4583,T3,
3883,T4,
592,T1,
1067,T2,
6832,T3,
2335,T4,
5512,T1,
6671,T2,
2344,T3,
2452,T4,
7015,T1,
394,T2,
4405,T3,
9732,T4,
4552,T1,
1086,T2,
2548,T3,
6298,T4,
5254,T1,
7707,T2,
5661,T3,
9205,T4,
7646,T1,
620,T2,
3851,T3,
1937,T4,
6376,T1,
5749,T2,
1220,T3,
5981,T4,
2838,T1,
8110,T2,
6799,T3,
8307,T4,
2074,T1,
248,T2,
3325,T3,
6953,T4,
6337,T1,
3944,T2,
5595,T3,
7071,T4,
1040,T1,
8773,T2,
2509,T3,
7263,T4,
7758,T1,
9867,T2,
3826,T3,
9202,T4,
776,T1,
6234,T2,
6061,T3,
4930,T4,
5259,T1,
3863,T2,
4070,T3,
8390,T4,
4167,T1,
7388,T2,
2513,T3,
8433,T4,
7459,T1,
8117,T2,
3223,T3,
9304,T4,
2322,T1,
3661,T2,
50,T3,
7528,T4,
1028,T1,
9359,T2,
8416,T3,
6899,T4,
874,T1,
1818,T2,
1448,T3,
7610,T4,
3147,T1,
8635,T2,
4681,T3,
3004,T4,
1842,T1,
7413,T2,
9610,T3,
6057,T4,
391,T1,
1166,T2,
8056,T3,
6896,T4,
5618,T1,
4660,T2,
6126,T3,
4288,T4,
1836,T1,
349,T2,
270,T3,
7876,T4,
9177,T1,
1995,T2,
251,T3,
3884,T4,
4887,T1,
564,T2,
1035,T3,
3897,T4,
5039,T1,
1801,T2,
5669,T3,
3037,T4,
7974,T1,
6439,T2,
4996,T3,
4478,T4,
6418,T1,
9292,T2,
917,T3,
9773,T4,
1107,T1,
4474,T2,
7592,T3,
7078,T4,
7797,T1,
9902,T2,
3278,T3,
400,T4,
5870,T1,
4791,T2,
4646,T3,
9115,T4,
9547,T1,
7145,T2,
4256,T3,
3498,T4,
9201,T1,
1769,T2,
1364,T3,
989,T4,
3995,T1,
1734,T2,
8556,T3,
6400,T4,
7161,T1,
7075,T2,
4807,T3,
8983,T4,
572,T1,
6135,T2,
7983,T3,
1887,T4,
4146,T1,
6109,T2,
4031,T3,
482,T4,
3015,T1,
1212,T2,
5619,T3,
8754,T4,
9595,T1,
8546,T2,
5737,T3,
4270,T4,
9892,T1,
1181,T2,
5581,T3,
3216,T4,
7204,T1,
8990,T2,
3473,T3,
3506,T4,
1007,T1,
2460,T2,
4319,T3,
2996,T4,
8979,T1,
8781,T2,
4614,T3,
2538,T4,
4352,T1,
9562,T2,
411,T3,
5914,T4,
4501,T1,
4246,T2,
2336,T3,
6412,T4,
377,T1,
4011,T2,
3749,T3,
1232,T4,
1253,T1,
6505,T2,
8459,T3,
1900,T4,
3715,T1,
936,T2,
5313,T3,
4326,T4,
7980,T1,
5403,T2,
9118,T3,
440,T4,
4057,T1,
298,T2,
7977,T3,
5306,T4,
6536,T1,
55,T2,
9801,T3,
239,T4,
3099,T1,
488,T2,
1729,T3,
4074,T4,
5999,T1,
7810,T2,
8926,T3,
3913,T4,
2794,T1,
4025,T2,
9490,T3,
3384,T4,
4131,T1,
7436,T2,
9411,T3,
1689,T4,
3701,T1,
1793,T2,
3515,T3,
6829,T4,
4858,T1,
9184,T2,
4929,T3,
2878,T4,
707,T1,
550,T2,
7767,T3,
3517,T4,
4747,T1,
1258,T2,
2107,T3,
5939,T4,
3301,T1,
1718,T2,
3331,T3,
1582,T4,
637,T1,
3049,T2,
5732,T3,
3568,T4,
9860,T1,
3324,T2,
6806,T3,
7156,T4,
6708,T1,
2519,T2,
5205,T3,
4510,T4,
9724,T1,
7068,T2,
9746,T3,
1938,T4,
4380,T1,
3722,T2,
796,T3,
432,T4,
6783,T1,
5148,T2,
9968,T3,
3987,T4,
3505,T1,
6651,T2,
1765,T3,
9575,T4,
2751,T1,
4249,T2,
9885,T3,
3456,T4,
2241,T1,
437,T2,
1697,T3,
3150,T4,
2161,T1,
8528,T2,
6244,T3,
9829,T4,
2660,T1,
5805,T2,
9298,T3,
4417,T4,
6942,T1,
81,T2,
6003,T3,
6610,T4,
9380,T1,
7487,T2,
6233,T3,
8653,T4,
5027,T1,
3434,T2,
1135,T3,
2483,T4,
1492,T1,
9032,T2,
5502,T3,
3466,T4,
7697,T1,
3743,T2,
6338,T3,
8792,T4,
8123,T1,
116,T2,
7530,T3,
2233,T4,
1743,T1,
9905,T2,
2403,T3,
1985,T4,
5370,T1,
2090,T2,
9846,T3,
5752,T4,
9349,T1,
7692,T2,
9826,T3,
2922,T4,
6485,T1,
8947,T2,
7160,T3,
5175,T4,
718,T1,
8559,T2,
6765,T3,
7786,T4,
5774,T1,
7097,T2,
3933,T3,
8385,T4,
3843,T1,
8153,T2,
8577,T3,
1151,T4,
2933,T1,
74,T2,
2568,T3,
1764,T4,
2028,T1,
6831,T2,
4376,T3,
4941,T4,
30,T1,
8584,T2,
1886,T3,
8723,T4,
2308,T1,
8580,T2,
5901,T3,
2494,T4,
240,T1,
1813,T2,
7049,T3,
9810,T4,
4988,T1,
3674,T2,
4125,T3,
1054,T4,
4403,T1,
7682,T2,
6082,T3,
5758,T4,
2130,T1,
4555,T2,
9577,T3,
3671,T4,
3489,T1,
7785,T2,
8899,T3,
413,T4,
2493,T1,
9857,T2,
2057,T3,
6742,T4,
9996,T1,
5970,T2,
5165,T3,
4910,T4,
4142,T1,
7087,T2,
352,T3,
4915,T4,
9329,T1,
6958,T2,
445,T3,
7096,T4,
9941,T1,
7223,T2,
7658,T3,
6075,T4,
941,T1,
4356,T2,
1877,T3,
5283,T4,
5683,T1,
3362,T2,
7718,T3,
495,T4,
6510,T1,
8476,T2,
6320,T3,
7652,T4,
8243,T1,
5831,T2,
4206,T3,
358,T4,
5709,T1,
9481,T2,
4786,T3,
6675,T4,
3163,T1,
9101,T2,
1357,T3,
8451,T4,
752,T1,
4948,T2,
4804,T3,
8097,T4,
4912,T1,
5533,T2,
2757,T3,
42,T4,
9042,T1,
7124,T2,
8658,T3,
3075,T4,
8456,T1,
8869,T2,
1421,T3,
1189,T4,
356,T1,
401,T2,
3780,T3,
6842,T4,
651,T1,
2142,T2,
5459,T3,
9492,T4,
9149,T1,
6184,T2,
4090,T3,
5787,T4,
1509,T1,
5538,T2,
1851,T3,
6763,T4,
8952,T1,
3399,T2,
4043,T3,
567,T4,
2031,T1,
6659,T2,
9790,T3,
9945,T4,
9703,T1,
691,T2,
5174,T3,
1058,T4,
5500,T1,
5085,T2,
1587,T3,
6670,T4,
392,T1,
8160,T2,
307,T3,
649,T4,
3516,T1,
6151,T2,
3831,T3,
4044,T4,
2988,T1,
8112,T2,
3950,T3,
8761,T4,
6035,T1,
6251,T2,
8788,T3,
60,T4,
4277,T1,
5712,T2,
8202,T3,
3737,T4,
8525,T1,
1920,T2,
5906,T3,
1141,T4,
6430,T1,
7896,T2,
5510,T3,
2461,T4,
1800,T1,
7468,T2,
7322,T3,
7371,T4,
24,T1,
180,T2,
5695,T3,
8073,T4,
1192,T1,
8897,T2,
4397,T3,
9395,T4,
3593,T1,
4054,T2,
2432,T3,
3462,T4,
5181,T1,
8950,T2,
4868,T3,
8017,T4,
7580,T1,
425,T2,
3433,T3,
6046,T4,
8245,T1,
834,T2,
9991,T3,
8513,T4,
500,T1,
2134,T2,
4292,T3,
9295,T4,
8501,T1,
6582,T2,
6791,T3,
7759,T4,
3126,T1,
9620,T2,
3341,T3,
7233,T4,
9034,T1,
456,T2,
6116,T3,
7684,T4,
3792,T1,
9403,T2,
7510,T3,
8502,T4,
9714,T1,
4760,T2,
1030,T3,
9452,T4,
2320,T1,
1199,T2,
2033,T3,
6513,T4,
415,T1,
9821,T2,
6494,T3,
5804,T4,
7706,T1,
5094,T2,
7220,T3,
1698,T4,
3755,T1,
4199,T2,
2592,T3,
3159,T4,
728,T1,
7547,T2,
9837,T3,
1299,T4,
9836,T1,
3271,T2,
5391,T3,
821,T4,
9959,T1,
3167,T2,
4061,T3,
9426,T4,
7199,T1,
8616,T2,
226,T3,
1148,T4,
473,T1,
2749,T2,
900,T3,
9737,T4,
4222,T1,
2251,T2,
6508,T3,
9472,T4,
7850,T1,
2587,T2,
7834,T3,
6310,T4,
3390,T1,
5729,T2,
3946,T3,
4468,T4,
3918,T1,
9430,T2,
7655,T3,
5309,T4,
741,T1,
5576,T2,
2623,T3,
4867,T4,
5842,T1,
8443,T2,
8050,T3,
3080,T4,
628,T1,
6541,T2,
4960,T3,
1093,T4,
5608,T1,
2147,T2,
6001,T3,
3263,T4,
8809,T1,
2086,T2,
3073,T3,
959,T4,
6734,T1,
6755,T2,
5698,T3,
9650,T4,
8365,T1,
6373,T2,
4286,T3,
6569,T4,
6078,T1,
4806,T2,
4114,T3,
4296,T4,
6077,T1,
2189,T2,
8524,T3,
8154,T4,
4686,T1,
9040,T2,
2311,T3,
1561,T4,
5162,T1,
6561,T2,
6566,T3,
3246,T4,
1022,T1,
1152,T2,
908,T3,
9248,T4,
7243,T1,
6013,T2,
269,T3,
2825,T4,
921,T1,
557,T2,
8521,T3,
4697,T4,
5819,T1,
2515,T2,
5615,T3,
2120,T4,
4039,T1,
1579,T2,
3494,T3,
4164,T4,
2985,T1,
2362,T2,
8058,T3,
1690,T4,
7623,T1,
4470,T2,
1990,T3,
5377,T4,
6006,T1,
6777,T2,
5721,T3,
2638,T4,
1244,T1,
6576,T2,
4335,T3,
1589,T4,
3227,T1,
544,T2,
1207,T3,
3932,T4,
2856,T1,
8464,T2,
9210,T3,
359,T4,
2278,T1,
8927,T2,
4465,T3,
8872,T4,
7347,T1,
187,T2,
9574,T3,
2994,T4,
3333,T1,
7762,T2,
5651,T3,
4118,T4,
8259,T1,
2467,T2,
6334,T3,
4684,T4,
5279,T1,
9710,T2,
4898,T3,
4221,T4,
8049,T1,
7231,T2,
988,T3,
6045,T4,
4176,T1,
4408,T2,
4598,T3,
2899,T4,
7187,T1,
6415,T2,
9103,T3,
264,T4,
7574,T1,
1650,T2,
6097,T3,
9257,T4,
6753,T1,
6512,T2,
6205,T3,
4603,T4,
8293,T1,
9741,T2,
3100,T3,
1017,T4,
2193,T1,
951,T2,
735,T3,
4434,T4,
4584,T1,
4741,T2,
9478,T3,
6747,T4,
450,T1,
2211,T2,
817,T3,
8386,T4,
8466,T1,
4524,T2,
3935,T3,
5407,T4,
3731,T1,
2475,T2,
8368,T3,
597,T4,
6386,T1,
9204,T2,
7604,T3,
5381,T4,
7851,T1,
3696,T2,
197,T3,
6923,T4,
9247,T1,
3373,T2,
9847,T3,
2261,T4,
746,T1,
9441,T2,
8787,T3,
3063,T4,
859,T1,
5401,T2,
5622,T3,
6588,T4,
9824,T1,
9229,T2,
7418,T3,
1811,T4,
1926,T1,
9468,T2,
1675,T3,
3976,T4,
5261,T1,
5701,T2,
4258,T3,
497,T4,
1234,T1,
1439,T2,
7625,T3,
9095,T4,
2565,T1,
127,T2,
2034,T3,
4178,T4,
4965,T1,
6220,T2,
4648,T3,
7474,T4,
121,T1,
9896,T2,
7591,T3,
6666,T4,
8923,T1,
4255,T2,
1123,T3,
2944,T4,
193,T1,
3245,T2,
6924,T3,
9952,T4,
1724,T1,
9850,T2,
1935,T3,
593,T4,
2206,T1,
1240,T2,
9085,T3,
1528,T4,
7939,T1,
6840,T2,
5800,T3,
535,T4,
6506,T1,
4733,T2,
1540,T3,
6189,T4,
6811,T1,
5449,T2,
4238,T3,
9124,T4,
6995,T1,
9007,T2,
2528,T3,
7636,T4,
1352,T1,
6355,T2,
7447,T3,
1599,T4,
3873,T1,
3509,T2,
2326,T3,
3361,T4,
9022,T1,
5929,T2,
9364,T3,
1050,T4,
4685,T1,
5692,T2,
548,T3,
9482,T4,
2670,T1,
9485,T2,
9156,T3,
4699,T4,
8587,T1,
4977,T2,
7269,T3,
1062,T4,
5954,T1,
2005,T2,
5159,T3,
6735,T4,
767,T1,
420,T2,
4740,T3,
9435,T4,
3762,T1,
1367,T2,
1485,T3,
1157,T4,
2314,T1,
8831,T2,
5033,T3,
2575,T4,
3695,T1,
9018,T2,
2227,T3,
5708,T4,
6222,T1,
37,T2,
5760,T3,
3947,T4,
3486,T1,
8031,T2,
5578,T3,
8205,T4,
7376,T1,
607,T2,
3013,T3,
2917,T4,
5715,T1,
3085,T2,
4776,T3,
4454,T4,
7951,T1,
9491,T2,
5048,T3,
4010,T4,
1465,T1,
6631,T2,
2479,T3,
3666,T4,
5394,T1,
8734,T2,
6343,T3,
8590,T4,
7191,T1,
2563,T2,
5035,T3,
3583,T4,
7703,T1,
4763,T2,
1315,T3,
7598,T4,
784,T1,
4639,T2,
9980,T3,
8931,T4,
2891,T1,
4269,T2,
2715,T3,
8698,T4,
6406,T1,
4541,T2,
4526,T3,
3149,T4,
4364,T1,
4761,T2,
1565,T3,
6301,T4,
4689,T1,
4228,T2,
331,T3,
5744,T4,
613,T1,
6664,T2,
2743,T3,
9786,T4,
8105,T1,
2796,T2,
2901,T3,
1006,T4,
6199,T1,
3026,T2,
6684,T3,
1872,T4,
4458,T1,
5385,T2,
992,T3,
2085,T4,
7925,T1,
4463,T2,
6951,T3,
5452,T4,
2799,T1,
7066,T2,
1060,T3,
7728,T4,
4508,T1,
3949,T2,
3717,T3,
9348,T4,
8152,T1,
3230,T2,
6393,T3,
8974,T4,
1461,T1,
3984,T2,
3622,T3,
3137,T4,
6914,T1,
5523,T2,
3632,T3,
1008,T4,
7819,T1,
416,T2,
5987,T3,
8600,T4,
9013,T1,
6293,T2,
108,T3,
7567,T4,
6426,T1,
9812,T2,
2597,T3,
2514,T4,
9039,T1,
7856,T2,
1691,T3,
7617,T4,
5461,T1,
329,T2,
6270,T3,
860,T4,
5659,T1,
4974,T2,
4851,T3,
6211,T4,
7497,T1,
984,T2,
7225,T3,
6699,T4,
1812,T1,
2384,T2,
4921,T3,
2132,T4,
6489,T1,
2557,T2,
1930,T3,
4323,T4,
3101,T1,
9822,T2,
4038,T3,
2214,T4,
5213,T1,
2682,T2,
1381,T3,
1881,T4,
9486,T1,
2832,T2,
2555,T3,
3635,T4,
4377,T1,
1446,T2,
7999,T3,
6706,T4,
4149,T1,
2652,T2,
2285,T3,
5847,T4,
7997,T1,
7846,T2,
8630,T3,
824,T4,
460,T1,
5861,T2,
5345,T3,
4826,T4,
7811,T1,
7687,T2,
1646,T3,
7337,T4,
2620,T1,
8957,T2,
8362,T3,
2655,T4,
8118,T1,
6977,T2,
8151,T3,
9762,T4,
623,T1,
7990,T2,
6190,T3,
8000,T4,
2149,T1,
9820,T2,
5062,T3,
1728,T4,
7473,T1,
9619,T2,
1100,T3,
7084,T4,
210,T1,
2885,T2,
8800,T3,
2343,T4,
7946,T1,
9674,T2,
5795,T3,
3377,T4,
7805,T1,
2215,T2,
1246,T3,
2349,T4,
7212,T1,
7735,T2,
3547,T3,
6154,T4,
1777,T1,
7149,T2,
2430,T3,
6141,T4,
4937,T1,
4543,T2,
8727,T3,
3196,T4,
2810,T1,
516,T2,
7804,T3,
7228,T4,
6275,T1,
4692,T2,
3081,T3,
4789,T4,
8981,T1,
2907,T2,
4700,T3,
8803,T4,
1613,T1,
8498,T2,
5569,T3,
2168,T4,
1386,T1,
3064,T2,
5794,T3,
7201,T4,
3043,T1,
9211,T2,
1751,T3,
1566,T4,
5976,T1,
656,T2,
6183,T3,
5807,T4,
9107,T1,
4226,T2,
9748,T3,
5088,T4,
5897,T1,
6578,T2,
2518,T3,
8987,T4,
8078,T1,
72,T2,
1369,T3,
8291,T4,
3418,T1,
6040,T2,
7549,T3,
2851,T4,
6514,T1,
1761,T2,
7127,T3,
6397,T4,
2257,T1,
5949,T2,
7219,T3,
1542,T4,
885,T1,
2454,T2,
3988,T3,
7628,T4,
7970,T1,
8435,T2,
1577,T3,
8398,T4,
3312,T1,
7465,T2,
4127,T3,
9386,T4,
3827,T1,
6638,T2,
1145,T3,
5631,T4,
4150,T1,
6440,T2,
5089,T3,
5203,T4,
3619,T1,
1606,T2,
2262,T3,
6332,T4,
6278,T1,
341,T2,
3771,T3,
5822,T4,
3655,T1,
1585,T2,
3912,T3,
7855,T4,
3985,T1,
2067,T2,
2138,T3,
3344,T4,
3968,T1,
7167,T2,
314,T3,
4975,T4,
3725,T1,
418,T2,
1280,T3,
8615,T4,
5146,T1,
2842,T2,
722,T3,
274,T4,
6010,T1,
7630,T2,
5636,T3,
5002,T4,
1288,T1,
6398,T2,
7986,T3,
2939,T4,
2593,T1,
2276,T2,
1312,T3,
7317,T4,
6612,T1,
8850,T2,
8669,T3,
2812,T4,
3524,T1,
5455,T2,
2642,T3,
9520,T4,
308,T1,
3986,T2,
4036,T3,
9015,T4,
2928,T1,
5287,T2,
6375,T3,
751,T4,
9613,T1,
3109,T2,
1110,T3,
5402,T4,
5890,T1,
5945,T2,
1391,T3,
9169,T4,
7055,T1,
3112,T2,
525,T3,
6636,T4,
5013,T1,
530,T2,
8162,T3,
2340,T4,
6414,T1,
5373,T2,
4101,T3,
8901,T4,
1823,T1,
6647,T2,
8484,T3,
6553,T4,
8093,T1,
7772,T2,
5172,T3,
3439,T4,
9776,T1,
7498,T2,
4000,T3,
9768,T4,
1862,T1,
1147,T2,
2964,T3,
4291,T4,
6354,T1,
1440,T2,
8379,T3,
1874,T4,
1868,T1,
4219,T2,
8651,T3,
4820,T4,
8247,T1,
3812,T2,
5063,T3,
4766,T4,
2989,T1,
7315,T2,
7564,T3,
1978,T4,
8406,T1,
9651,T2,
6242,T3,
9008,T4,
4551,T1,
6963,T2,
1898,T3,
5446,T4,
9639,T1,
9275,T2,
2706,T3,
5747,T4,
7724,T1,
6955,T2,
4266,T3,
7979,T4,
2862,T1,
8260,T2,
8449,T3,
8204,T4,
9713,T1,
8180,T2,
8835,T3,
9100,T4,
8885,T1,
7099,T2,
9157,T3,
5018,T4,
6795,T1,
11,T2,
4084,T3,
4703,T4,
9347,T1,
2910,T2,
2095,T3,
7334,T4,
7155,T1,
1374,T2,
4225,T3,
983,T4,
5123,T1,
5430,T2,
3250,T3,
2245,T4,
1387,T1,
5311,T2,
571,T3,
8054,T4,
4154,T1,
3445,T2,
3558,T3,
1740,T4,
8122,T1,
3789,T2,
4724,T3,
2797,T4,
8096,T1,
4824,T2,
4415,T3,
7789,T4,
6362,T1,
8968,T2,
3267,T3,
7597,T4,
3045,T1,
8945,T2,
3796,T3,
9425,T4,
938,T1,
5818,T2,
1968,T3,
5557,T4,
2462,T1,
3469,T2,
161,T3,
443,T4,
1684,T1,
6857,T2,
5757,T3,
8822,T4,
878,T1,
5607,T2,
9038,T3,
7062,T4,
4436,T1,
9929,T2,
9564,T3,
1667,T4,
7291,T1,
2235,T2,
7659,T3,
1940,T4,
3226,T1,
5080,T2,
1598,T3,
802,T4,
6984,T1,
6897,T2,
2703,T3,
9525,T4,
3659,T1,
551,T2,
4247,T3,
3302,T4,
5096,T1,
7840,T2,
213,T3,
288,T4,
919,T1,
9075,T2,
4907,T3,
3454,T4,
3388,T1,
3973,T2,
8588,T3,
9165,T4,
5058,T1,
2373,T2,
4361,T3,
4773,T4,
8015,T1,
2805,T2,
2772,T3,
9919,T4,
8780,T1,
9129,T2,
1419,T3,
2156,T4,
8234,T1,
1118,T2,
6629,T3,
1452,T4,
7643,T1,
7030,T2,
8930,T3,
486,T4,
2631,T1,
9759,T2,
282,T3,
6266,T4,
7542,T1,
8620,T2,
2651,T3,
1951,T4,
2543,T1,
7675,T2,
225,T3,
7153,T4,
4151,T1,
1640,T2,
8425,T3,
3782,T4,
8045,T1,
9931,T2,
2786,T3,
2653,T4,
4825,T1,
7314,T2,
1454,T3,
6654,T4,
8542,T1,
5963,T2,
2271,T3,
9912,T4,
6591,T1,
5856,T2,
2382,T3,
708,T4,
8808,T1,
436,T2,
4800,T3,
6856,T4,
6248,T1,
8799,T2,
2202,T3,
1298,T4,
9045,T1,
6469,T2,
6325,T3,
1304,T4,
2916,T1,
423,T2,
6060,T3,
3899,T4,
8220,T1,
4355,T2,
447,T3,
6568,T4,
9182,T1,
6573,T2,
8771,T3,
7879,T4,
4032,T1,
2611,T2,
6379,T3,
2011,T4,
9081,T1,
7731,T2,
9167,T3,
1633,T4,
3316,T1,
9393,T2,
3238,T3,
9967,T4,
472,T1,
3667,T2,
2013,T3,
3296,T4,
1949,T1,
687,T2,
26,T3,
5645,T4,
6870,T1,
6551,T2,
4561,T3,
4492,T4,
6502,T1,
7584,T2,
2546,T3,
4505,T4,
3804,T1,
3189,T2,
814,T3,
4746,T4,
3836,T1,
8351,T2,
3400,T3,
924,T4,
7911,T1,
9554,T2,
8536,T3,
4082,T4,
2900,T1,
1911,T2,
7712,T3,
7715,T4,
8411,T1,
417,T2,
4547,T3,
7576,T4,
7873,T1,
4224,T2,
1024,T3,
9288,T4,
7875,T1,
4959,T2,
1163,T3,
6873,T4,
2858,T1,
2586,T2,
293,T3,
6158,T4,
5948,T1,
2744,T2,
7686,T3,
4515,T4,
2128,T1,
8812,T2,
6203,T3,
7773,T4,
5316,T1,
1154,T2,
2828,T3,
8949,T4,
9190,T1,
9877,T2,
4021,T3,
5489,T4,
4757,T1,
5552,T2,
6146,T3,
69,T4,
1617,T1,
1257,T2,
5975,T3,
4616,T4,
7607,T1,
2582,T2,
141,T3,
2070,T4,
3862,T1,
5249,T2,
9605,T3,
9213,T4,
9179,T1,
9457,T2,
6619,T3,
2291,T4,
9960,T1,
5951,T2,
4204,T3,
883,T4,
3453,T1,
3252,T2,
3828,T3,
387,T4,
5942,T1,
79,T2,
2824,T3,
5869,T4,
890,T1,
5400,T2,
6004,T3,
4236,T4,
309,T1,
9809,T2,
3996,T3,
6898,T4,
1670,T1,
4600,T2,
3658,T3,
3098,T4,
2792,T1,
9230,T2,
4244,T3,
5433,T4,
9907,T1,
2408,T2,
8665,T3,
61,T4,
5785,T1,
4271,T2,
6937,T3,
5610,T4,
9662,T1,
8144,T2,
9764,T3,
5782,T4,
8041,T1,
8964,T2,
9423,T3,
8283,T4,
2583,T1,
4079,T2,
4498,T3,
2280,T4,
1332,T1,
6306,T2,
733,T3,
4712,T4,
9798,T1,
882,T2,
2445,T3,
5950,T4,
295,T1,
2332,T2,
5466,T3,
1677,T4,
3228,T1,
8319,T2,
4790,T3,
3006,T4,
7709,T1,
5560,T2,
3365,T3,
6457,T4,
6117,T1,
147,T2,
8597,T3,
8066,T4,
3508,T1,
105,T2,
8158,T3,
3570,T4,
6438,T1,
3217,T2,
4129,T3,
8534,T4,
3806,T1,
4140,T2,
4329,T3,
3620,T4,
4565,T1,
8581,T2,
8,T3,
8280,T4,
1787,T1,
2488,T2,
9336,T3,
3340,T4,
7608,T1,
9367,T2,
1483,T3,
6312,T4,
8397,T1,
4312,T2,
7622,T3,
3815,T4,
4124,T1,
6237,T2,
3485,T3,
8261,T4,
7624,T1,
7700,T2,
7169,T3,
6168,T4,
154,T1,
4890,T2,
7956,T3,
2369,T4,
2893,T1,
8893,T2,
5909,T3,
3892,T4,
584,T1,
9226,T2,
5746,T3,
843,T4,
3869,T1,
3864,T2,
48,T3,
6555,T4,
3522,T1,
5184,T2,
3735,T3,
376,T4,
4390,T1,
6810,T2,
9238,T3,
1712,T4,
1310,T1,
7969,T2,
7115,T3,
3513,T4,
853,T1,
8036,T2,
6744,T3,
5485,T4,
2535,T1,
4862,T2,
7822,T3,
5061,T4,
1506,T1,
7971,T2,
9221,T3,
5059,T4,
9286,T1,
7012,T2,
1755,T3,
6504,T4,
1859,T1,
7321,T2,
7455,T3,
8336,T4,
7929,T1,
7736,T2,
8171,T3,
4333,T4,
6940,T1,
8394,T2,
1426,T3,
2570,T4,
3203,T1,
2646,T2,
6249,T3,
4138,T4,
2802,T1,
9382,T2,
9935,T3,
2394,T4,
7838,T1,
3700,T2,
3206,T3,
4461,T4,
8746,T1,
4751,T2,
3889,T3,
5624,T4,
922,T1,
5823,T2,
3014,T3,
8807,T4,
2339,T1,
518,T2,
6267,T3,
768,T4,
8034,T1,
3197,T2,
9335,T3,
5528,T4,
6492,T1,
3858,T2,
7996,T3,
196,T4,
6869,T1,
7779,T2,
2975,T3,
6970,T4,
9994,T1,
8715,T2,
7857,T3,
5227,T4,
1344,T1,
8440,T2,
5983,T3,
6360,T4,
1194,T1,
4576,T2,
9878,T3,
4534,T4,
4694,T1,
5835,T2,
5526,T3,
2667,T4,
1238,T1,
1574,T2,
1231,T3,
4161,T4,
7666,T1,
9694,T2,
3711,T3,
7328,T4,
7978,T1,
9110,T2,
6212,T3,
8790,T4,
2282,T1,
6865,T2,
6745,T3,
7147,T4,
51,T1,
2733,T2,
5630,T3,
4920,T4,
2063,T1,
2673,T2,
1620,T3,
54,T4,
5974,T1,
1637,T2,
1954,T3,
5759,T4,
2930,T1,
5593,T2,
2822,T3,
8191,T4,
9424,T1,
6055,T2,
8592,T3,
2770,T4,
4205,T1,
8934,T2,
688,T3,
1814,T4,
832,T1,
9136,T2,
7464,T3,
5233,T4,
5462,T1,
2126,T2,
9323,T3,
3886,T4,
6025,T1,
9187,T2,
1819,T3,
462,T4,
5655,T1,
6718,T2,
1960,T3,
1936,T4,
8529,T1,
5816,T2,
8626,T3,
5288,T4,
2843,T1,
7003,T2,
5451,T3,
3891,T4,
1806,T1,
6910,T2,
3529,T3,
8991,T4,
4234,T1,
5299,T2,
879,T3,
6980,T4,
9456,T1,
4642,T2,
9227,T3,
5411,T4,
3501,T1,
9087,T2,
8182,T3,
719,T4,
4802,T1,
2816,T2,
2718,T3,
5943,T4,
3171,T1,
8125,T2,
5663,T3,
3573,T4,
3549,T1,
4469,T2,
3832,T3,
4318,T4,
6171,T1,
5745,T2,
9517,T3,
9327,T4,
6062,T1,
7018,T2,
1127,T3,
1902,T4,
9477,T1,
2789,T2,
9937,T3,
7847,T4,
4985,T1,
3901,T2,
336,T3,
379,T4,
7902,T1,
6068,T2,
2986,T3,
3979,T4,
4957,T1,
9026,T2,
4177,T3,
8806,T4,
4570,T1,
5155,T2,
7524,T3,
5902,T4,
2714,T1,
8219,T2,
2898,T3,
7008,T4,
4307,T1,
3232,T2,
2124,T3,
3277,T4,
7250,T1,
5777,T2,
4556,T3,
2180,T4,
6603,T1,
3134,T2,
8879,T3,
6717,T4,
7362,T1,
5117,T2,
6964,T3,
8270,T4,
6223,T1,
8860,T2,
6125,T3,
8165,T4,
1820,T1,
1230,T2,
4623,T3,
3876,T4,
8634,T1,
494,T2,
905,T3,
5337,T4,
9697,T1,
1866,T2,
8972,T3,
2659,T4,
2937,T1,
9666,T2,
6260,T3,
7544,T4,
227,T1,
8993,T2,
3305,T3,
791,T4,
1903,T1,
7782,T2,
5136,T3,
6738,T4,
8576,T1,
8047,T2,
6585,T3,
1885,T4,
2303,T1,
5527,T2,
5887,T3,
9890,T4,
4126,T1,
9278,T2,
8489,T3,
3608,T4,
9881,T1,
6776,T2,
5188,T3,
4103,T4,
2302,T1,
2530,T2,
6644,T3,
3219,T4,
9308,T1,
7009,T2,
7527,T3,
2210,T4,
9218,T1,
4391,T2,
7506,T3,
3550,T4,
6650,T1,
1143,T2,
7038,T3,
8725,T4,
5606,T1,
7757,T2,
3144,T3,
5026,T4,
737,T1,
9920,T2,
1584,T3,
7944,T4,
736,T1,
204,T2,
1696,T3,
3009,T4,
6359,T1,
8641,T2,
330,T3,
4905,T4,
653,T1,
8422,T2,
7052,T3,
9162,T4,
6441,T1,
4750,T2,
3565,T3,
1018,T4,
6328,T1,
8025,T2,
5958,T3,
7575,T4,
6408,T1,
6756,T2,
6564,T3,
224,T4,
8623,T1,
5333,T2,
1760,T3,
2788,T4,
8246,T1,
3956,T2,
3714,T3,
5482,T4,
3404,T1,
6621,T2,
489,T3,
2950,T4,
8423,T1,
4450,T2,
9981,T3,
7663,T4,
7889,T1,
8150,T2,
4020,T3,
67,T4,
7583,T1,
614,T2,
9350,T3,
9489,T4,
5767,T1,
3307,T2,
6859,T3,
4264,T4,
5770,T1,
383,T2,
5285,T3,
2256,T4,
3162,T1,
6,T2,
3781,T3,
5944,T4,
9667,T1,
8774,T2,
884,T3,
5937,T4,
2585,T1,
646,T2,
1808,T3,
5522,T4,
8558,T1,
6635,T2,
1333,T3,
235,T4,
9094,T1,
8380,T2,
8690,T3,
7908,T4,
8706,T1,
5210,T2,
4412,T3,
1479,T4,
4475,T1,
5140,T2,
8777,T3,
6979,T4,
2600,T1,
6481,T2,
4528,T3,
9789,T4,
995,T1,
137,T2,
77,T3,
1521,T4,
4532,T1,
102,T2,
4840,T3,
8079,T4,
6549,T1,
611,T2,
5470,T3,
1532,T4,
3610,T1,
8127,T2,
1982,T3,
431,T4,
8463,T1,
7073,T2,
3903,T3,
5968,T4,
2512,T1,
5671,T2,
7039,T3,
4265,T4,
7033,T1,
9281,T2,
8289,T3,
8504,T4,
8126,T1,
3292,T2,
2004,T3,
322,T4,
1403,T1,
304,T2,
7000,T3,
9363,T4,
5132,T1,
8624,T2,
668,T3,
9518,T4,
9833,T1,
9940,T2,
3448,T3,
4449,T4,
7384,T1,
4989,T2,
8913,T3,
1947,T4,
5126,T1,
3525,T2,
3120,T3,
5495,T4,
3382,T1,
8726,T2,
3076,T3,
2406,T4,
6999,T1,
4109,T2,
2449,T3,
7304,T4,
1102,T1,
2088,T2,
4833,T3,
2961,T4,
3094,T1,
9060,T2,
2297,T3,
6715,T4,
3959,T1,
8146,T2,
9808,T3,
2628,T4,
1865,T1,
6571,T2,
972,T3,
5786,T4,
1789,T1,
6294,T2,
4194,T3,
3698,T4,
2691,T1,
9057,T2,
7176,T3,
2096,T4,
854,T1,
4696,T2,
1229,T3,
8257,T4,
158,T1,
8070,T2,
4578,T3,
7105,T4,
1226,T1,
2196,T2,
2309,T3,
5127,T4,
1431,T1,
6655,T2,
6722,T3,
2443,T4,
7026,T1,
218,T2,
4014,T3,
4451,T4,
6286,T1,
750,T2,
7916,T3,
2484,T4,
9827,T1,
994,T2,
2060,T3,
4925,T4,
5852,T1,
4749,T2,
9047,T3,
6881,T4,
2329,T1,
7094,T2,
2228,T3,
9302,T4,
5121,T1,
148,T2,
1580,T3,
7011,T4,
5372,T1,
6807,T2,
7752,T3,
4753,T4,
9555,T1,
2208,T2,
2154,T3,
7517,T4,
4453,T1,
7354,T2,
1204,T3,
1,T4,
6002,T1,
9412,T2,
5841,T3,
2307,T4,
6784,T1,
4267,T2,
8393,T3,
8664,T4,
5044,T1,
9471,T2,
6817,T3,
915,T4,
4409,T1,
7457,T2,
7665,T3,
2042,T4,
5468,T1,
7136,T2,
5349,T3,
3586,T4,
9670,T1,
9404,T2,
6835,T3,
4643,T4,
7276,T1,
4104,T2,
6622,T3,
9646,T4,
8298,T1,
8514,T2,
2254,T3,
9928,T4,
3603,T1,
1987,T2,
7470,T3,
4200,T4,
6611,T1,
4184,T2,
6188,T3,
7298,T4,
8332,T1,
7210,T2,
2847,T3,
3352,T4,
8325,T1,
9843,T2,
5331,T3,
3072,T4,
2191,T1,
5104,T2,
125,T3,
8294,T4,
9733,T1,
7943,T2,
381,T3,
9056,T4,
9163,T1,
3257,T2,
8858,T3,
1858,T4,
9698,T1,
1264,T2,
9473,T3,
5426,T4,
872,T1,
9401,T2,
8838,T3,
5264,T4,
4374,T1,
8327,T2,
233,T3,
120,T4,
9062,T1,
2312,T2,
9886,T3,
2093,T4,
478,T1,
4421,T2,
5961,T3,
4538,T4,
4981,T1,
2774,T2,
2521,T3,
5940,T4,
5307,T1,
6102,T2,
7554,T3,
7185,T4,
8353,T1,
2491,T2,
899,T3,
7982,T4,
5739,T1,
9297,T2,
4422,T3,
2790,T4,
1109,T1,
4834,T2,
7132,T3,
7454,T4,
2859,T1,
5247,T2,
5270,T3,
7034,T4,
1843,T1,
471,T2,
6050,T3,
3750,T4,
2759,T1,
3005,T2,
7410,T3,
1916,T4,
1714,T1,
4179,T2,
2777,T3,
2158,T4,
5928,T1,
1196,T2,
9956,T3,
2911,T4,
9863,T1,
6726,T2,
8887,T3,
2831,T4,
3607,T1,
7755,T2,
3459,T3,
9255,T4,
2927,T1,
4001,T2,
4284,T3,
4857,T4,
1705,T1,
9341,T2,
9132,T3,
3834,T4,
3665,T1,
4695,T2,
9664,T3,
7685,T4,
4676,T1,
1840,T2,
9702,T3,
5286,T4,
965,T1,
3356,T2,
1433,T3,
3408,T4,
8851,T1,
7174,T2,
6750,T3,
2982,T4,
5946,T1,
6616,T2,
1025,T3,
6990,T4,
8213,T1,
512,T2,
5379,T3,
4882,T4,
9436,T1,
3416,T2,
8009,T3,
9708,T4,
4624,T1,
7839,T2,
4618,T3,
1153,T4,
165,T1,
652,T2,
7476,T3,
7661,T4,
17,T1,
3598,T2,
2237,T3,
2731,T4,
9898,T1,
9536,T2,
2723,T3,
9121,T4,
3152,T1,
5567,T2,
1786,T3,
5128,T4,
7287,T1,
2637,T2,
9049,T3,
4392,T4,
1190,T1,
8920,T2,
3746,T3,
9117,T4,
3084,T1,
4389,T2,
5876,T3,
7727,T4,
9088,T1,
5952,T2,
8940,T3,
9533,T4,
5191,T1,
7994,T2,
9806,T3,
3646,T4,
3033,T1,
5340,T2,
9597,T3,
8516,T4,
4893,T1,
9712,T2,
9740,T3,
9176,T4,
8859,T1,
7202,T2,
3132,T3,
9237,T4,
5877,T1,
1415,T2,
957,T3,
3183,T4,
5548,T1,
9064,T2,
4899,T3,
8308,T4,
9102,T1,
3557,T2,
2941,T3,
5657,T4,
8140,T1,
1523,T2,
7209,T3,
4196,T4,
289,T1,
9021,T2,
1160,T3,
5369,T4,
1301,T1,
9277,T2,
4,T3,
2129,T4,
7072,T1,
7670,T2,
3038,T3,
3336,T4,
5034,T1,
3315,T2,
1119,T3,
4693,T4,
6447,T1,
6570,T2,
2687,T3,
1404,T4,
9116,T1,
7877,T2,
9264,T3,
4827,T4,
4735,T1,
5443,T2,
2648,T3,
5910,T4,
1965,T1,
2728,T2,
8239,T3,
123,T4,
9203,T1,
7,T2,
1474,T3,
5694,T4,
9953,T1,
5918,T2,
7828,T3,
8349,T4,
2342,T1,
8252,T2,
4159,T3,
3766,T4,
32,T1,
6838,T2,
7676,T3,
6165,T4,
6054,T1,
487,T2,
5237,T3,
3920,T4,
9840,T1,
5073,T2,
2625,T3,
8420,T4,
7754,T1,
6988,T2,
1455,T3,
4755,T4,
6802,T1,
7809,T2,
6681,T3,
3983,T4,
7577,T1,
8183,T2,
5142,T3,
9699,T4,
6581,T1,
4180,T2,
6875,T3,
294,T4,
6214,T1,
539,T2,
6627,T3,
3816,T4,
8848,T1,
3474,T2,
9588,T3,
5222,T4,
2375,T1,
7818,T2,
7910,T3,
9856,T4,
1674,T1,
4861,T2,
3681,T3,
5054,T4,
9669,T1,
5185,T2,
9609,T3,
9358,T4,
8817,T1,
4795,T2,
1449,T3,
9544,T4,
7122,T1,
4673,T2,
6299,T3,
9778,T4,
5055,T1,
1412,T2,
9046,T3,
3360,T4,
5550,T1,
4952,T2,
9985,T3,
4875,T4,
770,T1,
7248,T2,
1732,T3,
1088,T4,
2943,T1,
184,T2,
3967,T3,
3578,T4,
3268,T1,
327,T2,
3169,T3,
130,T4,
7288,T1,
80,T2,
3709,T3,
3953,T4,
6921,T1,
2313,T2,
5609,T3,
8655,T4,
6851,T1,
8862,T2,
1451,T3,
2596,T4,
9273,T1,
3442,T2,
7229,T3,
5623,T4,
7638,T1,
6960,T2,
9080,T3,
7807,T4,
4382,T1,
7938,T2,
2707,T3,
4023,T4,
8258,T1,
8763,T2,
1508,T3,
3909,T4,
7705,T1,
7346,T2,
4990,T3,
1605,T4,
3589,T1,
9725,T2,
4186,T3,
2962,T4,
2861,T1,
6396,T2,
5754,T3,
1504,T4,
920,T1,
1612,T2,
6473,T3,
6818,T4,
5255,T1,
2151,T2,
1797,T3,
6246,T4,
8429,T1,
4702,T2,
8662,T3,
7538,T4,
5421,T1,
7027,T2,
2510,T3,
5566,T4,
556,T1,
7370,T2,
6020,T3,
6081,T4,
3282,T1,
3898,T2,
1534,T3,
6032,T4,
7359,T1,
490,T2,
7573,T3,
4918,T4,
6241,T1,
232,T2,
5015,T3,
9897,T4,
4432,T1,
8798,T2,
5198,T3,
2886,T4,
880,T1,
3914,T2,
5441,T3,
828,T4,
7395,T1,
6433,T2,
3654,T3,
324,T4,
1867,T1,
6395,T2,
8021,T3,
1805,T4,
916,T1,
4661,T2,
9265,T3,
9568,T4,
404,T1,
4494,T2,
7326,T3,
8474,T4,
9289,T1,
306,T2,
7446,T3,
9527,T4,
721,T1,
1781,T2,
5633,T3,
5621,T4,
9313,T1,
7975,T2,
4338,T3,
6589,T4,
7508,T1,
8030,T2,
8631,T3,
3025,T4,
6781,T1,
2676,T2,
4888,T3,
2669,T4,
1882,T1,
1128,T2,
3588,T3,
2217,T4,
5742,T1,
1037,T2,
8229,T3,
1437,T4,
7903,T1,
6218,T2,
9561,T3,
6253,T4,
1799,T1,
3406,T2,
3770,T3,
4880,T4,
4128,T1,
6169,T2,
3559,T3,
6909,T4,
5351,T1,
4631,T2,
8960,T3,
3941,T4,
9419,T1,
2712,T2,
2835,T3,
9279,T4,
962,T1,
3948,T2,
2540,T3,
7878,T4,
6500,T1,
6702,T2,
9246,T3,
4299,T4,
7111,T1,
3065,T2,
4464,T3,
8661,T4,
2224,T1,
3233,T2,
6018,T3,
5973,T4,
1158,T1,
6084,T2,
1247,T3,
3258,T4,
1623,T1,
6888,T2,
6454,T3,
5037,T4,
9730,T1,
4706,T2,
6938,T3,
2345,T4,
1075,T1,
3288,T2,
3534,T3,
8227,T4,
2537,T1,
9375,T2,
6944,T3,
2979,T4,
399,T1,
8124,T2,
9958,T3,
1416,T4,
9200,T1,
3857,T2,
3068,T3,
5781,T4,
8827,T1,
811,T2,
2077,T3,
4105,T4,
5224,T1,
1343,T2,
9721,T3,
1998,T4,
2385,T1,
9271,T2,
7335,T3,
7678,T4,
1099,T1,
5445,T2,
479,T3,
1576,T4,
1616,T1,
5420,T2,
7429,T3,
8593,T4,
9294,T1,
1709,T2,
7714,T3,
8157,T4,
2690,T1,
2869,T2,
6262,T3,
2258,T4,
4414,T1,
9601,T2,
4162,T3,
3184,T4,
3867,T1,
3164,T2,
1754,T3,
7353,T4,
1624,T1,
1078,T2,
1371,T3,
2853,T4,
6723,T1,
8039,T2,
1999,T3,
2705,T4,
997,T1,
7784,T2,
103,T3,
4775,T4,
4737,T1,
5158,T2,
8682,T3,
893,T4,
4727,T1,
2618,T2,
709,T3,
8108,T4,
5156,T1,
2321,T2,
7859,T3,
1548,T4,
122,T1,
5677,T2,
3187,T3,
5209,T4,
498,T1,
4582,T2,
6482,T3,
4139,T4,
4559,T1,
7182,T2,
4437,T3,
3185,T4,
701,T1,
5872,T2,
7116,T3,
4966,T4,
7871,T1,
7704,T2,
603,T3,
4063,T4,
586,T1,
3059,T2,
2614,T3,
4447,T4,
9354,T1,
1588,T2,
780,T3,
4487,T4,
1347,T1,
5083,T2,
6820,T3,
2627,T4,
4075,T1,
1905,T2,
1708,T3,
700,T4,
3244,T1,
1639,T2,
4399,T3,
6303,T4,
9686,T1,
3011,T2,
3997,T3,
8503,T4,
1653,T1,
6808,T2,
2807,T3,
2015,T4,
9494,T1,
2315,T2,
6864,T3,
4185,T4,
1500,T1,
1750,T2,
754,T3,
7882,T4,
966,T1,
2562,T2,
7808,T3,
3835,T4,
3786,T1,
87,T2,
2724,T3,
7920,T4,
4207,T1,
7740,T2,
9172,T3,
9796,T4,
5472,T1,
2918,T2,
9033,T3,
5927,T4,
6176,T1,
1635,T2,
5713,T3,
1976,T4,
1984,T1,
4452,T2,
801,T3,
998,T4,
5383,T1,
4943,T2,
2581,T3,
803,T4,
8632,T1,
1701,T2,
6624,T3,
5571,T4,
845,T1,
2734,T2,
4009,T3,
5815,T4,
8317,T1,
5704,T2,
9259,T3,
1702,T4,
8986,T1,
3616,T2,
8208,T3,
4232,T4,
4638,T1,
1132,T2,
9765,T3,
8468,T4,
9557,T1,
9624,T2,
5240,T3,
9630,T4,
8497,T1,
1081,T2,
9362,T3,
5225,T4,
1742,T1,
9437,T2,
7270,T3,
8465,T4,
1278,T1,
3470,T2,
4962,T3,
5558,T4,
8467,T1,
2492,T2,
4486,T3,
9888,T4,
904,T1,
7021,T2,
7766,T3,
5640,T4,
4846,T1,
7089,T2,
5723,T3,
369,T4,
2376,T1,
8668,T2,
1074,T3,
3299,T4,
4999,T1,
3077,T2,
5639,T3,
2122,T4,
6690,T1,
8010,T2,
5542,T3,
6934,T4,
4847,T1,
9791,T2,
7360,T3,
1428,T4,
9830,T1,
9293,T2,
7680,T3,
9391,T4,
9658,T1,
2248,T2,
9029,T3,
8418,T4,
276,T1,
5813,T2,
3114,T3,
7057,T4,
2883,T1,
8011,T2,
4208,T3,
9360,T4,
9421,T1,
6383,T2,
422,T3,
5574,T4,
3980,T1,
7305,T2,
8225,T3,
2801,T4,
7558,T1,
5648,T2,
14,T3,
9439,T4,
4448,T1,
4604,T2,
505,T3,
2051,T4,
3254,T1,
7966,T2,
6646,T3,
6889,T4,
3096,T1,
9314,T2,
4621,T3,
8185,T4,
7103,T1,
7495,T2,
8736,T3,
1958,T4,
7171,T1,
8702,T2,
7513,T3,
7041,T4,
4192,T1,
1942,T2,
9849,T3,
1934,T4,
2486,T1,
3554,T2,
1425,T3,
4132,T4,
3411,T1,
3582,T2,
6837,T3,
5855,T4,
9408,T1,
9078,T2,
6038,T3,
2482,T4,
3539,T1,
1490,T2,
5312,T3,
5516,T4,
3613,T1,
5878,T2,
6119,T3,
4483,T4,
8022,T1,
1944,T2,
8759,T3,
2489,T4,
4914,T1,
7222,T2,
1380,T3,
217,T4,
2448,T1,
4819,T2,
3161,T3,
5778,T4,
8184,T1,
9537,T2,
2683,T3,
5875,T4,
2529,T1,
8002,T2,
7120,T3,
4056,T4,
5507,T1,
4787,T2,
869,T3,
8935,T4,
7985,T1,
3397,T2,
2590,T3,
2000,T4,
2523,T1,
9269,T2,
2877,T3,
53,T4,
1592,T1,
402,T2,
6801,T3,
4805,T4,
6849,T1,
9052,T2,
9077,T3,
6122,T4,
2485,T1,
2784,T2,
4300,T3,
663,T4,
8994,T1,
5596,T2,
8493,T3,
3270,T4,
7462,T1,
2135,T2,
4096,T3,
4274,T4,
3229,T1,
659,T2,
8801,T3,
1422,T4,
5627,T1,
3003,T2,
181,T3,
1272,T4,
7594,T1,
3422,T2,
7588,T3,
5032,T4,
8522,T1,
5727,T2,
3975,T3,
1064,T4,
6957,T1,
4876,T2,
9889,T3,
3021,T4,
9868,T1,
7933,T2,
9657,T3,
1533,T4,
7606,T1,
4839,T2,
5762,T3,
5546,T4,
297,T1,
2641,T2,
6449,T3,
1005,T4,
5551,T1,
7020,T2,
4384,T3,
7600,T4,
7739,T1,
8249,T2,
1048,T3,
252,T4,
3204,T1,
5979,T2,
1084,T3,
2809,T4,
7500,T1,
7849,T2,
2617,T3,
759,T4,
1224,T1,
3592,T2,
3870,T3,
8538,T4,
1967,T1,
5339,T2,
7216,T3,
5352,T4,
6229,T1,
7815,T2,
2781,T3,
4086,T4,
6164,T1,
7366,T2,
3900,T3,
5253,T4,
8824,T1,
4674,T2,
4438,T3,
8482,T4,
1407,T1,
6108,T2,
2410,T3,
9858,T4,
6676,T1,
851,T2,
2148,T3,
4568,T4,
7522,T1,
9621,T2,
151,T3,
6468,T4,
6602,T1,
1004,T2,
608,T3,
9917,T4,
9416,T1,
4848,T2,
8384,T3,
4986,T4,
6653,T1,
4400,T2,
4972,T3,
2352,T4,
8301,T1,
7545,T2,
3662,T3,
1489,T4,
5297,T1,
2527,T2,
9474,T3,
7380,T4,
4137,T1,
7386,T2,
5004,T3,
6641,T4,
5690,T1,
7437,T2,
3074,T3,
5242,T4,
7770,T1,
9918,T2,
621,T3,
7609,T4,
1379,T1,
4257,T2,
5748,T3,
1491,T4,
8578,T1,
4213,T2,
929,T3,
7234,T4,
6389,T1,
22,T2,
3427,T3,
5905,T4,
2735,T1,
2144,T2,
8417,T3,
787,T4,
4774,T1,
6474,T2,
6786,T3,
5115,T4,
1268,T1,
7466,T2,
6451,T3,
4997,T4,
388,T1,
8595,T2,
7425,T3,
3141,T4,
2657,T1,
1925,T2,
7616,T3,
7186,T4,
1685,T1,
1838,T2,
6317,T3,
1359,T4,
6059,T1,
7095,T2,
317,T3,
9874,T4,
4301,T1,
7138,T2,
3089,T3,
9900,T4,
2286,T1,
577,T2,
8810,T3,
1707,T4,
5041,T1,
9567,T2,
5017,T3,
1318,T4,
2785,T1,
6996,T2,
9817,T3,
75,T4,
7323,T1,
755,T2,
332,T3,
9143,T4,
3971,T1,
3326,T2,
1362,T3,
2740,T4,
9153,T1,
4381,T2,
8419,T3,
4115,T4,
5415,T1,
3536,T2,
4367,T3,
7135,T4,
7570,T1,
5465,T2,
6819,T3,
1223,T4,
6175,T1,
3866,T2,
9954,T3,
6828,T4,
7004,T1,
2729,T2,
6086,T3,
438,T4,
2925,T1,
6912,T2,
6682,T3,
9775,T4,
9930,T1,
1122,T2,
4586,T3,
1197,T4,
6965,T1,
9316,T2,
6685,T3,
6880,T4,
38,T1,
7614,T2,
2762,T3,
476,T4,
4762,T1,
2701,T2,
6488,T3,
4360,T4,
9519,T1,
5005,T2,
3265,T3,
3467,T4,
1515,T1,
6773,T2,
1711,T3,
7593,T4,
6442,T1,
6335,T2,
8877,T3,
8421,T4,
7265,T1,
3952,T2,
6981,T3,
5962,T4,
9998,T1,
9976,T2,
9283,T3,
1330,T4,
9290,T1,
7586,T2,
9320,T3,
5932,T4,
1795,T1,
2360,T2,
4375,T3,
2708,T4,
6150,T1,
644,T2,
9098,T3,
4617,T4,
7282,T1,
1121,T2,
6939,T3,
338,T4,
7002,T1,
4466,T2,
8640,T3,
5483,T4,
7029,T1,
910,T2,
6974,T3,
3012,T4,
4564,T1,
9572,T2,
3151,T3,
4209,T4,
8244,T1,
272,T2,
5703,T3,
8378,T4,
9735,T1,
1183,T2,
1010,T3,
9445,T4,
6971,T1,
247,T2,
7821,T3,
2895,T4,
9463,T1,
2056,T2,
1502,T3,
1645,T4,
4680,T1,
3542,T2,
3627,T3,
429,T4,
9161,T1,
4767,T2,
6364,T3,
7505,T4,
9449,T1,
8992,T2,
6039,T3,
9542,T4,
8813,T1,
3264,T2,
1730,T3,
4732,T4,
2387,T1,
9263,T2,
6931,T3,
8508,T4,
6858,T1,
4239,T2,
3682,T3,
3436,T4,
9819,T1,
4117,T2,
7563,T3,
1517,T4,
5244,T1,
4170,T2,
2525,T3,
9684,T4,
6794,T1,
8650,T2,
5341,T3,
5828,T4,
8067,T1,
5000,T2,
7061,T3,
7286,T4,
2380,T1,
5090,T2,
2453,T3,
7407,T4,
115,T1,
6225,T2,
7364,T3,
6790,T4,
4017,T1,
6340,T2,
6669,T3,
1856,T4,
9497,T1,
2889,T2,
5183,T3,
2742,T4,
9558,T1,
2062,T2,
2710,T3,
6943,T4,
8703,T1,
7137,T2,
5342,T3,
954,T4,
3054,T1,
4813,T2,
4593,T3,
513,T4,
9760,T1,
1972,T2,
1267,T3,
6142,T4,
9409,T1,
2924,T2,
8345,T3,
9351,T4,
8519,T1,
8701,T2,
6353,T3,
3875,T4,
8400,T1,
797,T2,
9687,T3,
3631,T4,
2110,T1,
1918,T2,
5109,T3,
8758,T4,
311,T1,
3055,T2,
5845,T3,
1420,T4,
174,T1,
2418,T2,
461,T3,
3906,T4,
1919,T1,
3450,T2,
3457,T3,
9751,T4,
5014,T1,
2732,T2,
8355,T3,
4160,T4,
1341,T1,
9109,T2,
9944,T3,
1880,T4,
9111,T1,
956,T2,
3088,T3,
8510,T4,
1003,T1,
3348,T2,
6269,T3,
9811,T4,
1105,T1,
9923,T2,
8221,T3,
7325,T4,
943,T1,
9455,T2,
321,T3,
9252,T4,
9092,T1,
4973,T2,
5642,T3,
2047,T4,
5072,T1,
2221,T2,
8342,T3,
4121,T4,
2366,T1,
580,T2,
9845,T3,
4181,T4,
3353,T1,
9206,T2,
4815,T3,
8875,T4,
4187,T1,
2447,T2,
2371,T3,
2277,T4,
6118,T1,
7016,T2,
1923,T3,
9440,T4,
7535,T1,
8240,T2,
27,T3,
7520,T4,
4457,T1,
7702,T2,
3597,T3,
3280,T4,
4521,T1,
7913,T2,
1275,T3,
6215,T4,
4632,T1,
7905,T2,
7044,T3,
9673,T4,
3751,T1,
6461,T2,
6372,T3,
1111,T4,
5829,T1,
3148,T2,
6966,T3,
5025,T4,
8142,T1,
5679,T2,
8250,T3,
3472,T4,
9475,T1,
9099,T2,
8103,T3,
2846,T4,
7460,T1,
8784,T2,
104,T3,
2190,T4,
9779,T1,
8323,T2,
6916,T3,
8413,T4,
5378,T1,
5447,T2,
205,T3,
2894,T4,
491,T1,
46,T2,
9114,T3,
6033,T4,
3830,T1,
8337,T2,
8008,T3,
1409,T4,
4467,T1,
7433,T2,
1071,T3,
7341,T4,
830,T1,
4799,T2,
2306,T3,
9864,T4,
9862,T1,
7481,T2,
4722,T3,
5493,T4,
6893,T1,
4088,T2,
6759,T3,
5480,T4,
8924,T1,
7163,T2,
2850,T3,
5045,T4,
9233,T1,
813,T2,
5050,T3,
2980,T4,
7695,T1,
2945,T2,
3609,T3,
819,T4,
2604,T1,
727,T2,
2897,T3,
4220,T4,
3020,T1,
45,T2,
9050,T3,
5798,T4,
3248,T1,
8844,T2,
4798,T3,
5936,T4,
1832,T1,
3146,T2,
6620,T3,
2330,T4,
9285,T1,
6663,T2,
6363,T3,
2680,T4,
4969,T1,
3053,T2,
463,T3,
7613,T4,
7434,T1,
245,T2,
9983,T3,
95,T4,
7037,T1,
7799,T2,
3019,T3,
5535,T4,
1849,T1,
9802,T2,
2814,T3,
9376,T4,
7271,T1,
5868,T2,
6697,T3,
9406,T4,
448,T1,
6767,T2,
7409,T3,
4203,T4,
3521,T1,
4077,T2,
9870,T3,
9158,T4,
2035,T1,
6357,T2,
5688,T3,
2972,T4,
5246,T1,
1205,T2,
2113,T3,
610,T4,
1289,T1,
4520,T2,
9589,T3,
9793,T4,
9016,T1,
4345,T2,
5487,T3,
4078,T4,
2026,T1,
7688,T2,
9754,T3,
8619,T4,
4423,T1,
6071,T2,
6830,T3,
5093,T4,
4669,T1,
6174,T2,
8309,T3,
2577,T4,
9580,T1,
1748,T2,
4123,T3,
955,T4,
9876,T1,
720,T2,
7131,T3,
7557,T4,
5993,T1,
480,T2,
5164,T3,
3142,T4,
5268,T1,
3438,T2,
5216,T3,
2664,T4,
9195,T1,
2331,T2,
2225,T3,
1255,T4,
9390,T1,
385,T2,
8846,T3,
3430,T4,
1285,T1,
6947,T2,
6719,T3,
7629,T4,
5498,T1,
4739,T2,
9591,T3,
4844,T4,
3294,T1,
8785,T2,
9361,T3,
5275,T4,
8069,T1,
9462,T2,
6848,T3,
7681,T4,
2854,T1,
2444,T2,
5079,T3,
2533,T4,
2520,T1,
6904,T2,
5665,T3,
4682,T4,
5057,T1,
1608,T2,
492,T3,
5995,T4,
1562,T1,
664,T2,
8338,T3,
5353,T4,
5796,T1,
3793,T2,
7345,T3,
6297,T4,
99,T1,
7485,T2,
1324,T3,
508,T4,
3645,T1,
2840,T2,
3428,T3,
3086,T4,
4854,T1,
9788,T2,
2813,T3,
1322,T4,
7642,T1,
7063,T2,
7529,T3,
4569,T4,
6352,T1,
1390,T2,
558,T3,
3182,T4,
6710,T1,
896,T2,
4254,T3,
4589,T4,
8254,T1,
7301,T2,
4940,T3,
1219,T4,
4047,T1,
5763,T2,
2480,T3,
1363,T4,
2632,T1,
4625,T2,
6349,T3,
8604,T4,
7139,T1,
4864,T2,
3553,T3,
4734,T4,
9707,T1,
6065,T2,
3880,T3,
9146,T4,
2459,T1,
3413,T2,
9893,T3,
6798,T4,
5830,T1,
1529,T2,
3925,T3,
8847,T4,
9604,T1,
1471,T2,
2505,T3,
3103,T4,
4809,T1,
328,T2,
1828,T3,
1680,T4,
6232,T1,
3225,T2,
2594,T3,
4738,T4,
3874,T1,
8977,T2,
9948,T3,
1993,T4,
9235,T1,
25,T2,
78,T3,
1857,T4,
9509,T1,
6465,T2,
4863,T3,
536,T4,
554,T1,
7239,T2,
7801,T3,
7957,T4,
3308,T1,
5969,T2,
8052,T3,
3393,T4,
8438,T1,
7531,T2,
3160,T3,
1216,T4,
5600,T1,
2845,T2,
6978,T3,
7525,T4,
7756,T1,
9337,T2,
7025,T3,
1945,T4,
2661,T1,
8485,T2,
5410,T3,
8782,T4,
8866,T1,
9262,T2,
6661,T3,
873,T4,
117,T1,
3507,T2,
4590,T3,
697,T4,
579,T1,
7198,T2,
8854,T3,
278,T4,
8594,T1,
5182,T2,
7569,T3,
9464,T4,
866,T1,
1658,T2,
1622,T3,
6695,T4,
3528,T1,
5157,T2,
6250,T3,
1287,T4,
3999,T1,
2498,T2,
3380,T3,
8769,T4,
7961,T1,
6194,T2,
350,T3,
766,T4,
6486,T1,
2931,T2,
1895,T3,
6503,T4,
4577,T1,
5496,T2,
6618,T3,
8989,T4,
6017,T1,
5409,T2,
1889,T3,
167,T4,
9331,T1,
6574,T2,
6672,T3,
8372,T4,
1631,T1,
4456,T2,
2187,T3,
705,T4,
529,T1,
6445,T2,
5429,T3,
2390,T4,
6230,T1,
6048,T2,
6167,T3,
9861,T4,
8437,T1,
5959,T2,
8357,T3,
6289,T4,
3639,T1,
634,T2,
6207,T3,
8201,T4,
3817,T1,
6217,T2,
9534,T3,
6593,T4,
4865,T1,
3958,T2,
9511,T3,
3386,T4,
2643,T1,
1815,T2,
7955,T3,
8531,T4,
7292,T1,
1604,T2,
3401,T3,
6283,T4,
8837,T1,
1539,T2,
8132,T3,
7914,T4,
8511,T1,
7490,T2,
1162,T3,
1188,T4,
3759,T1,
9312,T2,
5788,T3,
5772,T4,
8767,T1,
4306,T2,
1983,T3,
9961,T4,
925,T1,
3776,T2,
9711,T3,
7144,T4,
313,T1,
3713,T2,
6273,T3,
3992,T4,
5696,T1,
9653,T2,
7374,T3,
1879,T4,
4460,T1,
9541,T2,
9138,T3,
4416,T4,
5632,T1,
1578,T2,
6315,T3,
2633,T4,
5524,T1,
7368,T2,
1928,T3,
616,T4,
88,T1,
6381,T2,
8757,T3,
5139,T4,
1417,T1,
6982,T2,
685,T3,
2238,T4,
4666,T1,
8109,T2,
2470,T3,
2935,T4,
5989,T1,
9535,T2,
409,T3,
4916,T4,
5137,T1,
9709,T2,
5317,T3,
1894,T4,
7183,T1,
7227,T2,
136,T3,
561,T4,
1850,T1,
6288,T2,
3261,T3,
7647,T4,
6255,T1,
9191,T2,
3424,T3,
7898,T4,
5953,T1,
7831,T2,
3697,T3,
6803,T4,
7904,T1,
4500,T2,
3809,T3,
2325,T4,
9947,T1,
5810,T2,
864,T3,
9198,T4,
3367,T1,
4831,T2,
1720,T3,
8571,T4,
6891,T1,
4328,T2,
3482,T3,
2022,T4,
1087,T1,
6134,T2,
1020,T3,
4611,T4,
7369,T1,
7070,T2,
7133,T3,
3989,T4,
2388,T1,
9693,T2,
3928,T3,
8678,T4,
1721,T1,
4978,T2,
4418,T3,
8515,T4,
1904,T1,
1511,T2,
1061,T3,
3859,T4,
2054,T1,
4295,T2,
19,T3,
837,T4,
714,T1,
4049,T2,
1236,T3,
4503,T4,
155,T1,
7776,T2,
6163,T3,
9987,T4,
2106,T1,
5189,T2,
6890,T3,
1167,T4,
4886,T1,
169,T2,
4511,T3,
4195,T4,
5479,T1,
2725,T2,
8602,T3,
4476,T4,
4516,T1,
960,T2,
6665,T3,
2773,T4,
301,T1,
4939,T2,
1331,T3,
6008,T4,
8403,T1,
670,T2,
1375,T3,
9339,T4,
7192,T1,
2383,T2,
6358,T3,
4362,T4,
470,T1,
2507,T2,
4836,T3,
5710,T4,
2348,T1,
3131,T2,
2379,T3,
8176,T4,
739,T1,
9728,T2,
5440,T3,
3198,T4,
6219,T1,
7742,T2,
4198,T3,
935,T4,
9381,T1,
2497,T2,
3339,T3,
4591,T4,
4619,T1,
1553,T2,
6550,T3,
354,T4,
442,T1,
1830,T2,
2438,T3,
4336,T4,
1518,T1,
5040,T2,
8644,T3,
706,T4,
748,T1,
1044,T2,
6501,T3,
1725,T4,
5265,T1,
4816,T2,
4018,T3,
2265,T4,
6401,T1,
1695,T2,
4650,T3,
8904,T4,
8636,T1,
969,T2,
1011,T3,
6459,T4,
9189,T1,
89,T2,
7995,T3,
5097,T4,
453,T1,
271,T2,
5022,T3,
1458,T4,
9631,T1,
1034,T2,
6080,T3,
5667,T4,
281,T1,
9438,T2,
2516,T3,
2417,T4,
1816,T1,
8896,T2,
6545,T3,
8027,T4,
5031,T1,
4560,T2,
8334,T3,
3651,T4,
2119,T1,
4742,T2,
8852,T3,
2579,T4,
4119,T1,
5388,T2,
2547,T3,
33,T4,
9370,T1,
2163,T2,
8392,T3,
8642,T4,
4984,T1,
9584,T2,
8292,T3,
1619,T4,
7673,T1,
8574,T2,
7572,T3,
43,T4,
261,T1,
1447,T2,
8072,T3,
113,T4,
526,T1,
4395,T2,
9135,T3,
7411,T4,
4172,T1,
4744,T2,
2136,T3,
1139,T4,
3818,T1,
3355,T2,
8970,T3,
410,T4,
6985,T1,
8496,T2,
675,T3,
8330,T4,
7206,T1,
5494,T2,
2364,T3,
9757,T4,
4651,T1,
5412,T2,
7734,T3,
5755,T4,
3115,T1,
145,T2,
6785,T3,
8712,T4,
8902,T1,
5809,T2,
5582,T3,
6935,T4,
4053,T1,
8138,T2,
3685,T3,
5985,T4,
2639,T1,
1260,T2,
3155,T3,
5194,T4,
1892,T1,
9545,T2,
3683,T3,
5967,T4,
7424,T1,
6149,T2,
9261,T3,
3329,T4,
4902,T1,
4636,T2,
5326,T3,
8814,T4,
4647,T1,
4709,T2,
9076,T3,
8526,T4,
3577,T1,
5517,T2,
1337,T3,
5091,T4,
4710,T1,
6544,T2,
4931,T3,
6391,T4,
4523,T1,
6341,T2,
2798,T3,
1607,T4,
3314,T1,
6042,T2,
8958,T3,
2456,T4,
8326,T1,
7040,T2,
4022,T3,
1693,T4,
9832,T1,
8055,T2,
7367,T3,
9887,T4,
4287,T1,
4594,T2,
9955,T3,
3001,T4,
9794,T1,
5860,T2,
9633,T3,
888,T4,
96,T1,
6110,T2,
6580,T3,
7694,T4,
9378,T1,
4719,T2,
6994,T3,
5314,T4,
2184,T1,
4723,T2,
6029,T3,
9615,T4,
7398,T1,
4253,T2,
6208,T3,
7086,T4,
806,T1,
3504,T2,
7059,T3,
3275,T4,
5356,T1,
5635,T2,
9444,T3,
2656,T4,
5038,T1,
4502,T2,
1657,T3,
6113,T4,
9805,T1,
4993,T2,
5106,T3,
7587,T4,
5336,T1,
4321,T2,
8210,T3,
8527,T4,
3741,T1,
4653,T2,
2800,T3,
5529,T4,
1763,T1,
5260,T2,
9031,T3,
5934,T4,
3502,T1,
6083,T2,
5857,T3,
4554,T4,
5169,T1,
3690,T2,
699,T3,
7533,T4,
3035,T1,
4793,T2,
4842,T3,
6409,T4,
1136,T1,
6727,T2,
1957,T3,
5278,T4,
8553,T1,
4928,T2,
1912,T3,
6986,T4,
7254,T1,
9082,T2,
6764,T3,
7729,T4,
5573,T1,
8407,T2,
7310,T3,
3691,T4,
2186,T1,
2993,T2,
4024,T3,
7339,T4,
6757,T1,
5925,T2,
1893,T3,
7737,T4,
4480,T1,
9325,T2,
5235,T3,
4664,T4,
970,T1,
207,T2,
4801,T3,
3998,T4,
5997,T1,
8572,T2,
2203,T3,
8555,T4,
424,T1,
5769,T2,
7211,T3,
2177,T4,
5586,T1,
5734,T2,
2416,T3,
8207,T4,
8971,T1,
7448,T2,
6204,T3,
2737,T4,
4596,T1,
1348,T2,
2745,T3,
2242,T4,
3286,T1,
3106,T2,
3231,T3,
9814,T4,
4263,T1,
5229,T2,
5707,T3,
2954,T4,
1704,T1,
3484,T2,
7375,T3,
5120,T4,
939,T1,
162,T2,
2334,T3,
3391,T4,
2923,T1,
8700,T2,
757,T3,
710,T4,
1897,T1,
3837,T2,
6519,T3,
3375,T4,
4396,T1,
5797,T2,
9345,T3,
2108,T4,
6645,T1,
1537,T2,
3595,T3,
6967,T4,
4853,T1,
6437,T2,
5903,T3,
7017,T4,
3775,T1,
527,T2,
4671,T3,
5161,T4,
5491,T1,
5114,T2,
9272,T3,
5544,T4,
2346,T1,
1549,T2,
5432,T3,
9611,T4,
6436,T1,
2605,T2,
7056,T3,
7931,T4,
1921,T1,
2287,T2,
3153,T3,
5996,T4,
6047,T1,
2636,T2,
2713,T3,
4344,T4,
5859,T1,
4351,T2,
5540,T3,
3563,T4,
8756,T1,
2212,T2,
7076,T3,
698,T4,
9447,T1,
4099,T2,
7308,T3,
6614,T4,
6701,T1,
6305,T2,
4628,T3,
9549,T4,
1168,T1,
7579,T2,
4821,T3,
5719,T4,
256,T1,
2607,T2,
8371,T3,
3125,T4,
485,T1,
2041,T2,
9695,T3,
8032,T4,
6345,T1,
8744,T2,
483,T3,
3008,T4,
5098,T1,
5223,T2,
4901,T3,
142,T4,
1493,T1,
9691,T2,
833,T3,
5241,T4,
7489,T1,
5398,T2,
6052,T3,
2932,T4,
8133,T1,
1444,T2,
4479,T3,
2588,T4,
1038,T1,
7696,T2,
5733,T3,
5938,T4,
1214,T1,
1276,T2,
4402,T3,
1860,T4,
3366,T1,
4730,T2,
9019,T3,
5220,T4,
4052,T1,
6826,T2,
8169,T3,
5892,T4,
3566,T1,
7947,T2,
8825,T3,
3531,T4,
3543,T1,
2435,T2,
2995,T3,
2428,T4,
9946,T1,
9267,T2,
8116,T3,
533,T4,
7881,T1,
3878,T2,
944,T3,
9432,T4,
4507,T1,
5956,T2,
4675,T3,
7555,T4,
5559,T1,
8335,T2,
7894,T3,
7722,T4,
3591,T1,
4822,T2,
2201,T3,
7244,T4,
1351,T1,
4622,T2,
7205,T3,
7275,T4,
1286,T1,
5722,T2,
364,T3,
5076,T4,
8645,T1,
1089,T2,
1114,T3,
523,T4,
9128,T1,
3652,T2,
566,T3,
7383,T4,
973,T1,
5478,T2,
1273,T3,
2836,T4,
4353,T1,
2902,T2,
937,T3,
2218,T4,
9921,T1,
9543,T2,
5212,T3,
7562,T4,
1706,T1,
8708,T2,
6736,T3,
4955,T4,
5384,T1,
601,T2,
5865,T3,
7962,T4,
8867,T1,
3904,T2,
3868,T3,
642,T4,
3811,T1,
2947,T2,
8360,T3,
5933,T4,
2458,T1,
5296,T2,
6330,T3,
7452,T4,
4120,T1,
8889,T2,
6243,T3,
8366,T4,
3576,T1,
4911,T2,
1997,T3,
1134,T4,
5717,T1,
3677,T2,
8778,T3,
310,T4,
2216,T1,
6037,T2,
3279,T3,
1345,T4,
7175,T1,
8310,T2,
3082,T3,
1408,T4,
5251,T1,
7660,T2,
2640,T3,
8013,T4,
6556,T1,
1638,T2,
9209,T3,
5598,T4,
5408,T1,
5978,T2,
524,T3,
8486,T4,
9608,T1,
1950,T2,
9010,T3,
2300,T4,
3027,T1,
7058,T2,
5147,T3,
7402,T4,
7968,T1,
9772,T2,
3255,T3,
1106,T4,
4332,T1,
8692,T2,
8095,T3,
1719,T4,
9431,T1,
7232,T2,
6987,T3,
1279,T4,
371,T1,
9392,T2,
4548,T3,
5300,T4,
6633,T1,
2595,T2,
6114,T3,
5750,T4,
1558,T1,
8568,T2,
9973,T3,
6833,T4,
7639,T1,
1932,T2,
852,T3,
8141,T4,
3266,T1,
1778,T2,
1665,T3,
7744,T4,
1632,T1,
1164,T2,
3321,T3,
7618,T4,
2860,T1,
8075,T2,
6827,T3,
1557,T4,
5230,T1,
5664,T2,
5705,T3,
8811,T4,
7860,T1,
4499,T2,
8431,T3,
1802,T4,
82,T1,
7079,T2,
2080,T3,
6094,T4,
6257,T1,
6128,T2,
9296,T3,
7511,T4,
894,T1,
4163,T2,
3881,T3,
464,T4,
2766,T1,
8356,T2,
7445,T3,
4629,T4,
4349,T1,
1796,T2,
3269,T3,
8745,T4,
903,T1,
9301,T2,
3625,T3,
3778,T4,
2875,T1,
8999,T2,
4597,T3,
8936,T4,
3319,T1,
6678,T2,
9705,T3,
9727,T4,
6911,T1,
8794,T2,
1791,T3,
9024,T4,
8324,T1,
9,T2,
5180,T3,
1785,T4,
2361,T1,
496,T2,
8928,T3,
4951,T4,
4066,T1,
509,T2,
2686,T3,
1346,T4,
9951,T1,
3047,T2,
100,T3,
2532,T4,
7092,T1,
5509,T2,
8278,T3,
8937,T4,
188,T1,
3117,T2,
2146,T3,
3066,T4,
3262,T1,
9640,T2,
2363,T3,
799,T4,
8762,T1,
1977,T2,
68,T3,
9074,T4,
4698,T1,
1290,T2,
1899,T3,
743,T4,
3190,T1,
4904,T2,
9602,T3,
4324,T4,
303,T1,
